{
  "id": "1437471",
  "name": "samples",
  "font_family": "hf-ui-icon",
  "css_prefix_text": "ui-icon-",
  "description": "",
  "glyphs": [
    {
      "icon_id": "595535",
      "name": "arrow up",
      "font_class": "arrowup",
      "unicode": "e60f",
      "unicode_decimal": 58895
    },
    {
      "icon_id": "7214832",
      "name": "Double arrow down",
      "font_class": "Doublearrowdown",
      "unicode": "e6c2",
      "unicode_decimal": 59074
    },
    {
      "icon_id": "7214851",
      "name": "Double arrow up",
      "font_class": "Doublearrowup",
      "unicode": "e6c8",
      "unicode_decimal": 59080
    }
  ]
}
