{
  "name": "hf-vue-ui",
  "dependencies": {
    "javascript": {
      "0-@babel/polyfill": {
        "version": "7.4.3",
        "src": "node_modules/@babel/polyfill/dist/polyfill.min.js",
        "dest": "examples/assets/js/polyfill.<%version%>.min.js"
      },
      "1-moment": {
        "version": "2.24.0",
        "src": "node_modules/moment/min/moment.min.js",
        "dest": "examples/assets/js/moment.<%version%>.min.js"
      },
      "2-lodash": {
        "version": "4.17.15",
        "src": "node_modules/lodash/lodash.min.js",
        "dest": "examples/assets/js/lodash.<%version%>.min.js"
      },
      "3-axios": {
        "version": "0.19.0",
        "src": "node_modules/axios/dist/axios.min.js",
        "dest": "examples/assets/js/axios.<%version%>.min.js"
      },
      "4-vue": {
        "version": "2.6.10",
        "src": "node_modules/vue/dist/vue.min.js",
        "dest": "examples/assets/js/vue.<%version%>.min.js"
      },
      "5-vue-router": {
        "version": "3.0.0",
        "src": "node_modules/vue-router/dist/vue-router.min.js",
        "dest": "examples/assets/js/vue-router.<%version%>.min.js"
      },
      "6-vuex": {
        "version": "3.1.1",
        "src": "node_modules/vuex/dist/vuex.min.js",
        "dest": "examples/assets/js/vuex.<%version%>.min.js"
      }
    },
    "css": {}
  }
}
